[
    {"id":1,"brand":"Honda","manufacturer":"Honda Motor Co., Ltd." },
    {"id":2,"brand":"Mazda","manufacturer":"Mazda Motor Corporation" },
    {"id":3,"brand":"MINI","manufacturer":"British Motor Corporation" },
    {"id":4,"brand":"Cadillac","manufacturer":"General Motors (GM)" },
    {"id":5,"brand":"Volkswagen","manufacturer":"Volkswagen Group" },
    {"id":6,"brand":"Chevrolet","manufacturer":"General Motors (GM)" },
    {"id":7,"brand":"Lincoln","manufacturer":"Ford Motor Company" },
    {"id":8,"brand":"Volvo","manufacturer":"Geely Automobile" },
    {"id":9,"brand":"GMC","manufacturer":"General Motors (GM)" },
    {"id":10,"brand":"Buick","manufacturer":"General Motors (GM)" },
    {"id":11,"brand":"Jeep","manufacturer":"Stellantis North America" },
    {"id":12,"brand":"Chrysler","manufacturer":"Fiat Chrysler Automobiles" },
    {"id":13,"brand":"Dodge","manufacturer":"Fiat Chrysler Automobiles" },
    {"id":14,"brand":"Hyundai","manufacturer":"Hyundai Motor Co. (HMC)" },
    {"id":15,"brand":"Mercedes-Benz","manufacturer":"The Mercedes-Benz Group AG" },
    {"id":16,"brand":"Nissan","manufacturer":"Nissan Motor Co., Ltd." },
    {"id":17,"brand":"Acura","manufacturer":"Honda Motor Company" },
    {"id":18,"brand":"Mitsubishi","manufacturer":"Mitsubishi Motors" },
    {"id":19,"brand":"Toyota","manufacturer":"Toyota Motor Corporation" },
    {"id":20,"brand":"Kia","manufacturer":"Kia Corporation" },
    {"id":21,"Ford":"Lexus","manufacturer":"Toyota Motor Corporation" },
    {"id":22,"brand":"Mercury","manufacturer":"Ford Motor Company" },
    {"id":23,"brand":"Infiniti","manufacturer":"Nissan Motor Co. Ltd." },
    {"id":24,"brand":"Land Rover","manufacturer":"Jaguar Land Rover Limited" },
    {"id":25,"brand":"Subaru","manufacturer":"Subaru Corporation" },
    {"id":26,"brand":"Porsche","manufacturer":"Volkswagen AG" },
    {"id":27,"brand":"Lotus","manufacturer":"Geely Automobile" },
    {"id":28,"brand":"Jaguar","manufacturer":"Tata Motors" },
    {"id":29,"brand":"Audi","manufacturer":"Volkswagen Group" },
    {"id":30,"brand":"BMW","manufacturer":"Bayerische Motoren Werke AG" }
]