[
    {
      "VIN": "WDDPK5HA8FF967986",
      "year": 2016,
      "make": "Honda",
      "model": "Accord",
      "category": "Sedan",
      "color": "Red",
      "navigation": true,
      "fuelEconomyCity": 9.9,
      "fuelEconomyHighway": "14.8",
      "price": 30500,
      "horsepower": 232,
      "drivetrain": "Rear",
      "powertrain": "Diesel",
      "registrationDate": "2023-06-23"
    },
    {
      "VIN": "3VW1K7AJXFM870355",
      "year": 2018,
      "make": "Mazda",
      "model": "Protege",
      "category": "Convertible",
      "color": "Blue",
      "navigation": false,
      "fuelEconomyCity": 4.5,
      "fuelEconomyHighway": "5.8",
      "price": 27600,
      "horsepower": 205,
      "drivetrain": "AWD",
      "powertrain": "Gasoline",
      "registrationDate": "2020-10-27"
    },
    {
      "VIN": "2G4GS5EV0C9043074",
      "year": 2012,
      "make": "MINI",
      "model": "Cooper Countryman",
      "category": "SUV",
      "color": "Gray",
      "navigation": true,
      "fuelEconomyCity": 6.4,
      "fuelEconomyHighway": "8.3",
      "price": 42900,
      "horsepower": 240,
      "drivetrain": "Rear",
      "powertrain": "Hybrid",
      "registrationDate": "2020-02-21"
    },
    {
      "VIN": "1FTEW1CF0FF306113",
      "year": 2014,
      "make": "Cadillac",
      "model": "STS",
      "category": "SUV",
      "color": "Black",
      "navigation": true,
      "fuelEconomyCity": 7.4,
      "fuelEconomyHighway": "10.4",
      "price": 40000,
      "horsepower": 176,
      "drivetrain": "Front",
      "powertrain": "Hybrid",
      "registrationDate": "2020-08-25"
    },
    {
      "VIN": "1D4SD6GT5BC581418",
      "year": 2019,
      "make": "Audi",
      "model": "90",
      "category": "Convertible",
      "color": "Beige",
      "navigation": false,
      "fuelEconomyCity": 9.9,
      "fuelEconomyHighway": "13.9",
      "price": 42900,
      "horsepower": 144,
      "drivetrain": "AWD",
      "powertrain": "Diesel",
      "registrationDate": "2023-03-30"
    },
    {
      "VIN": "WAUKFBFL7EN788271",
      "year": 2016,
      "make": "Volkswagen",
      "model": "Eurovan",
      "category": "SUV",
      "color": "Blue",
      "navigation": false,
      "fuelEconomyCity": 6.5,
      "fuelEconomyHighway": "9.1",
      "price": 37000,
      "horsepower": 176,
      "drivetrain": "Rear",
      "powertrain": "EV",
      "registrationDate": "2021-04-26"
    },
    {
      "VIN": "3VW1K7AJXDM247993",
      "year": 2023,
      "make": "Honda",
      "model": "Civic Si",
      "category": "SUV",
      "color": "Red",
      "navigation": true,
      "fuelEconomyCity": 7.9,
      "fuelEconomyHighway": "11.8",
      "price": 32800,
      "horsepower": 153,
      "drivetrain": "AWD",
      "powertrain": "EV",
      "registrationDate": "2022-01-21"
    },
    {
      "VIN": "1GYFC56259R649819",
      "year": 2013,
      "make": "BMW",
      "model": "M Roadster",
      "category": "Sedan",
      "color": "Silver",
      "navigation": true,
      "fuelEconomyCity": 7.8,
      "fuelEconomyHighway": "10.1",
      "price": 30000,
      "horsepower": 220,
      "drivetrain": "AWD",
      "powertrain": "Hybrid",
      "registrationDate": "2020-04-03"
    },
    {
      "VIN": "WDBSK7BA1CF127129",
      "year": 2023,
      "make": "Chevrolet",
      "model": "Corvette",
      "category": "Convertible",
      "color": "Black",
      "navigation": false,
      "fuelEconomyCity": 9.6,
      "fuelEconomyHighway": "14.4",
      "price": 26500,
      "horsepower": 133,
      "drivetrain": "AWD",
      "powertrain": "Gasoline",
      "registrationDate": "2023-06-21"
    },
    {
      "VIN": "5BZBF0AA1FN493603",
      "year": 2013,
      "make": "Lincoln",
      "model": "MKT",
      "category": "Sedan",
      "color": "Gray",
      "navigation": true,
      "fuelEconomyCity": 4.2,
      "fuelEconomyHighway": "6.3",
      "price": 45200,
      "horsepower": 169,
      "drivetrain": "Front",
      "powertrain": "EV",
      "registrationDate": "2023-04-17"
    },
    {
      "VIN": "19UYA42512A234470",
      "year": 2015,
      "make": "Honda",
      "model": "S2000",
      "category": "SUV",
      "color": "Black",
      "navigation": false,
      "fuelEconomyCity": 8.5,
      "fuelEconomyHighway": "11.9",
      "price": 29400,
      "horsepower": 242,
      "drivetrain": "AWD",
      "powertrain": "Other",
      "registrationDate": "2022-12-29"
    },
    {
      "VIN": "3C6JD6CT3CG898103",
      "year": 2021,
      "make": "Volkswagen",
      "model": "Cabriolet",
      "category": "Sedan",
      "color": "Black",
      "navigation": false,
      "fuelEconomyCity": 7.7,
      "fuelEconomyHighway": "11.6",
      "price": 38800,
      "horsepower": 182,
      "drivetrain": "Rear",
      "powertrain": "Other",
      "registrationDate": "2021-01-04"
    },
    {
      "VIN": "5FRYD4H44FB754131",
      "year": 2011,
      "make": "Volvo",
      "model": "C30",
      "category": "SUV",
      "color": "Gray",
      "navigation": false,
      "fuelEconomyCity": 8,
      "fuelEconomyHighway": "11.2",
      "price": 36900,
      "horsepower": 147,
      "drivetrain": "Rear",
      "powertrain": "Diesel",
      "registrationDate": "2021-08-24"
    },
    {
      "VIN": "1B3CB8HBXBD944557",
      "year": 2022,
      "make": "GMC",
      "model": "Vandura 3500",
      "category": "Sedan",
      "color": "Beige",
      "navigation": true,
      "fuelEconomyCity": 4.3,
      "fuelEconomyHighway": "6.0",
      "price": 48200,
      "horsepower": 215,
      "drivetrain": "Rear",
      "powertrain": "Other",
      "registrationDate": "2023-06-01"
    },
    {
      "VIN": "JM1CR2W32A0778981",
      "year": 2018,
      "make": "Lincoln",
      "model": "Navigator",
      "category": "SUV",
      "color": "Green",
      "navigation": true,
      "fuelEconomyCity": 8.6,
      "fuelEconomyHighway": "12.0",
      "price": 33700,
      "horsepower": 163,
      "drivetrain": "Front",
      "powertrain": "EV",
      "registrationDate": "2021-03-14"
    },
    {
      "VIN": "19UUA56753A493254",
      "year": 2021,
      "make": "Volvo",
      "model": "S90",
      "category": "SUV",
      "color": "Blue",
      "navigation": false,
      "fuelEconomyCity": 6.9,
      "fuelEconomyHighway": "9.7",
      "price": 25600,
      "horsepower": 247,
      "drivetrain": "AWD",
      "powertrain": "EV",
      "registrationDate": "2022-12-17"
    },
    {
      "VIN": "WAUAGAFD8DN378816",
      "year": 2014,
      "make": "Chevrolet",
      "model": "1500",
      "category": "Sedan",
      "color": "White",
      "navigation": false,
      "fuelEconomyCity": 8.6,
      "fuelEconomyHighway": "11.2",
      "price": 31800,
      "horsepower": 239,
      "drivetrain": "Front",
      "powertrain": "EV",
      "registrationDate": "2022-10-26"
    },
    {
      "VIN": "WAUUL98E68A550481",
      "year": 2019,
      "make": "Buick",
      "model": "Skylark",
      "category": "Convertible",
      "color": "Silver",
      "navigation": false,
      "fuelEconomyCity": 7,
      "fuelEconomyHighway": "10.5",
      "price": 39000,
      "horsepower": 197,
      "drivetrain": "AWD",
      "powertrain": "Diesel",
      "registrationDate": "2021-11-03"
    },
    {
      "VIN": "3GTU2YEJ3DG304775",
      "year": 2020,
      "make": "GMC",
      "model": "3500 Club Coupe",
      "category": "Convertible",
      "color": "Black",
      "navigation": true,
      "fuelEconomyCity": 5.2,
      "fuelEconomyHighway": "6.8",
      "price": 19800,
      "horsepower": 240,
      "drivetrain": "Rear",
      "powertrain": "Hybrid",
      "registrationDate": "2020-05-07"
    },
    {
      "VIN": "WBS3U9C51FJ612264",
      "year": 2023,
      "make": "Jeep",
      "model": "Grand Cherokee",
      "category": "Sedan",
      "color": "Green",
      "navigation": false,
      "fuelEconomyCity": 9.8,
      "fuelEconomyHighway": "13.7",
      "price": 34100,
      "horsepower": 194,
      "drivetrain": "Rear",
      "powertrain": "Gasoline",
      "registrationDate": "2021-01-01"
    },
    {
      "VIN": "WDDEJ7GB8DA586634",
      "year": 2018,
      "make": "Chrysler",
      "model": "Sebring",
      "category": "Convertible",
      "color": "Black",
      "navigation": true,
      "fuelEconomyCity": 4.5,
      "fuelEconomyHighway": "5.8",
      "price": 26800,
      "horsepower": 249,
      "drivetrain": "Rear",
      "powertrain": "Gasoline",
      "registrationDate": "2023-03-16"
    },
    {
      "VIN": "5N1AT2ML7EC559896",
      "year": 2020,
      "make": "BMW",
      "model": "Z4",
      "category": "Convertible",
      "color": "Beige",
      "navigation": false,
      "fuelEconomyCity": 8.9,
      "fuelEconomyHighway": "11.6",
      "price": 33300,
      "horsepower": 177,
      "drivetrain": "Front",
      "powertrain": "Gasoline",
      "registrationDate": "2022-01-05"
    },
    {
      "VIN": "SALVP2BG9FH015011",
      "year": 2014,
      "make": "Dodge",
      "model": "Colt",
      "category": "Convertible",
      "color": "Gray",
      "navigation": false,
      "fuelEconomyCity": 7.8,
      "fuelEconomyHighway": "10.1",
      "price": 43700,
      "horsepower": 232,
      "drivetrain": "AWD",
      "powertrain": "Gasoline",
      "registrationDate": "2020-10-08"
    },
    {
      "VIN": "5J6TF1H59DL313113",
      "year": 2023,
      "make": "Hyundai",
      "model": "Tiburon",
      "category": "Convertible",
      "color": "Beige",
      "navigation": true,
      "fuelEconomyCity": 5.3,
      "fuelEconomyHighway": "6.9",
      "price": 42300,
      "horsepower": 161,
      "drivetrain": "Front",
      "powertrain": "EV",
      "registrationDate": "2022-05-09"
    },
    {
      "VIN": "1G6KD57928U892225",
      "year": 2017,
      "make": "Volvo",
      "model": "V70",
      "category": "Sedan",
      "color": "Green",
      "navigation": false,
      "fuelEconomyCity": 5.1,
      "fuelEconomyHighway": "7.1",
      "price": 46000,
      "horsepower": 222,
      "drivetrain": "AWD",
      "powertrain": "Other",
      "registrationDate": "2021-01-18"
    },
    {
      "VIN": "1N6AA0ED8FN409420",
      "year": 2023,
      "make": "Volvo",
      "model": "V40",
      "category": "Sedan",
      "color": "Blue",
      "navigation": true,
      "fuelEconomyCity": 9,
      "fuelEconomyHighway": "11.7",
      "price": 41300,
      "horsepower": 207,
      "drivetrain": "AWD",
      "powertrain": "Other",
      "registrationDate": "2022-07-28"
    },
    {
      "VIN": "KMHCT4AE0EU223320",
      "year": 2014,
      "make": "Honda",
      "model": "Accord",
      "category": "SUV",
      "color": "Silver",
      "navigation": true,
      "fuelEconomyCity": 7,
      "fuelEconomyHighway": "9.1",
      "price": 24800,
      "horsepower": 241,
      "drivetrain": "Front",
      "powertrain": "Diesel",
      "registrationDate": "2022-11-04"
    },
    {
      "VIN": "NM0KS9BN8CT523752",
      "year": 2017,
      "make": "Volkswagen",
      "model": "R32",
      "category": "SUV",
      "color": "Red",
      "navigation": false,
      "fuelEconomyCity": 4,
      "fuelEconomyHighway": "6.0",
      "price": 42600,
      "horsepower": 140,
      "drivetrain": "Rear",
      "powertrain": "Other",
      "registrationDate": "2023-07-29"
    },
    {
      "VIN": "3C3CFFAR5CT378306",
      "year": 2022,
      "make": "Dodge",
      "model": "Dakota",
      "category": "SUV",
      "color": "Black",
      "navigation": true,
      "fuelEconomyCity": 4.3,
      "fuelEconomyHighway": "6.0",
      "price": 24800,
      "horsepower": 227,
      "drivetrain": "Front",
      "powertrain": "Diesel",
      "registrationDate": "2022-08-27"
    },
    {
      "VIN": "WBA5A7C52FG396349",
      "year": 2014,
      "make": "BMW",
      "model": "Z4 M",
      "category": "Convertible",
      "color": "Gray",
      "navigation": true,
      "fuelEconomyCity": 7.6,
      "fuelEconomyHighway": "11.4",
      "price": 41600,
      "horsepower": 162,
      "drivetrain": "Front",
      "powertrain": "Hybrid",
      "registrationDate": "2020-08-04"
    },
    {
      "VIN": "SCBLC31E11C478205",
      "year": 2020,
      "make": "Audi",
      "model": "TT",
      "category": "Sedan",
      "color": "Red",
      "navigation": true,
      "fuelEconomyCity": 9.9,
      "fuelEconomyHighway": "13.9",
      "price": 28600,
      "horsepower": 151,
      "drivetrain": "AWD",
      "powertrain": "Other",
      "registrationDate": "2021-02-28"
    },
    {
      "VIN": "WAUPEAFM5AA151067",
      "year": 2011,
      "make": "BMW",
      "model": "X5 M",
      "category": "SUV",
      "color": "Gray",
      "navigation": true,
      "fuelEconomyCity": 9,
      "fuelEconomyHighway": "13.5",
      "price": 35300,
      "horsepower": 219,
      "drivetrain": "Front",
      "powertrain": "Gasoline",
      "registrationDate": "2023-03-24"
    },
    {
      "VIN": "WAUSFAFL5AA382081",
      "year": 2022,
      "make": "Mercedes-Benz",
      "model": "C-Class",
      "category": "Convertible",
      "color": "Green",
      "navigation": false,
      "fuelEconomyCity": 7,
      "fuelEconomyHighway": "9.8",
      "price": 29000,
      "horsepower": 161,
      "drivetrain": "Rear",
      "powertrain": "EV",
      "registrationDate": "2020-06-14"
    },
    {
      "VIN": "KNADH4A37A6916339",
      "year": 2012,
      "make": "Nissan",
      "model": "Leaf",
      "category": "Sedan",
      "color": "Beige",
      "navigation": true,
      "fuelEconomyCity": 5.2,
      "fuelEconomyHighway": "7.3",
      "price": 28400,
      "horsepower": 253,
      "drivetrain": "Front",
      "powertrain": "Hybrid",
      "registrationDate": "2023-05-12"
    },
    {
      "VIN": "WBADR63433G846222",
      "year": 2020,
      "make": "Volkswagen",
      "model": "Eurovan",
      "category": "SUV",
      "color": "Beige",
      "navigation": false,
      "fuelEconomyCity": 6.8,
      "fuelEconomyHighway": "10.2",
      "price": 37800,
      "horsepower": 227,
      "drivetrain": "Front",
      "powertrain": "Gasoline",
      "registrationDate": "2021-02-26"
    },
    {
      "VIN": "WAUVC58E32A861774",
      "year": 2014,
      "make": "Acura",
      "model": "RL",
      "category": "Sedan",
      "color": "Black",
      "navigation": true,
      "fuelEconomyCity": 4.7,
      "fuelEconomyHighway": "6.6",
      "price": 21600,
      "horsepower": 138,
      "drivetrain": "AWD",
      "powertrain": "EV",
      "registrationDate": "2021-01-10"
    },
    {
      "VIN": "WA1VGAFP3EA965880",
      "year": 2012,
      "make": "Nissan",
      "model": "Frontier",
      "category": "Convertible",
      "color": "Silver",
      "navigation": false,
      "fuelEconomyCity": 8.8,
      "fuelEconomyHighway": "12.3",
      "price": 20600,
      "horsepower": 243,
      "drivetrain": "Front",
      "powertrain": "EV",
      "registrationDate": "2021-05-01"
    },
    {
      "VIN": "1FMJK1G55EE659474",
      "year": 2015,
      "make": "Mitsubishi",
      "model": "Lancer Evolution",
      "category": "Convertible",
      "color": "Silver",
      "navigation": false,
      "fuelEconomyCity": 7.2,
      "fuelEconomyHighway": "10.1",
      "price": 36200,
      "horsepower": 152,
      "drivetrain": "Rear",
      "powertrain": "Other",
      "registrationDate": "2020-02-19"
    },
    {
      "VIN": "2C4RVAAG9CR795344",
      "year": 2016,
      "make": "Toyota",
      "model": "Celica",
      "category": "Convertible",
      "color": "White",
      "navigation": true,
      "fuelEconomyCity": 7.6,
      "fuelEconomyHighway": "9.9",
      "price": 34700,
      "horsepower": 151,
      "drivetrain": "Rear",
      "powertrain": "Other",
      "registrationDate": "2022-06-12"
    },
    {
      "VIN": "WBAXH5C59DD297129",
      "year": 2018,
      "make": "Audi",
      "model": "A8",
      "category": "Convertible",
      "color": "Black",
      "navigation": false,
      "fuelEconomyCity": 7,
      "fuelEconomyHighway": "9.1",
      "price": 23600,
      "horsepower": 223,
      "drivetrain": "AWD",
      "powertrain": "Gasoline",
      "registrationDate": "2022-06-11"
    },
    {
      "VIN": "KL4CJFSB7EB282980",
      "year": 2012,
      "make": "Mercedes-Benz",
      "model": "G55 AMG",
      "category": "SUV",
      "color": "Silver",
      "navigation": true,
      "fuelEconomyCity": 4.6,
      "fuelEconomyHighway": "6.0",
      "price": 25700,
      "horsepower": 239,
      "drivetrain": "AWD",
      "powertrain": "Gasoline",
      "registrationDate": "2022-06-22"
    },
    {
      "VIN": "1G6DL8EG3A0892357",
      "year": 2016,
      "make": "Kia",
      "model": "Forte",
      "category": "Convertible",
      "color": "Beige",
      "navigation": false,
      "fuelEconomyCity": 9.1,
      "fuelEconomyHighway": "11.8",
      "price": 44200,
      "horsepower": 147,
      "drivetrain": "Front",
      "powertrain": "Other",
      "registrationDate": "2023-05-25"
    },
    {
      "VIN": "ZHWGU5BZ6CL158820",
      "year": 2018,
      "make": "Toyota",
      "model": "Avalon",
      "category": "Sedan",
      "color": "Green",
      "navigation": true,
      "fuelEconomyCity": 5.3,
      "fuelEconomyHighway": "8.0",
      "price": 34300,
      "horsepower": 182,
      "drivetrain": "AWD",
      "powertrain": "Hybrid",
      "registrationDate": "2021-12-16"
    },
    {
      "VIN": "KNDKG3A24A7317794",
      "year": 2012,
      "make": "Lexus",
      "model": "IS",
      "category": "Convertible",
      "color": "Blue",
      "navigation": false,
      "fuelEconomyCity": 6.1,
      "fuelEconomyHighway": "9.2",
      "price": 31200,
      "horsepower": 152,
      "drivetrain": "AWD",
      "powertrain": "Other",
      "registrationDate": "2022-03-06"
    },
    {
      "VIN": "3VW517AT2EM963326",
      "year": 2020,
      "make": "Mercury",
      "model": "Marauder",
      "category": "Sedan",
      "color": "White",
      "navigation": true,
      "fuelEconomyCity": 8.4,
      "fuelEconomyHighway": "12.6",
      "price": 30700,
      "horsepower": 223,
      "drivetrain": "Front",
      "powertrain": "Hybrid",
      "registrationDate": "2021-03-02"
    },
    {
      "VIN": "WA1CV94L97D989842",
      "year": 2019,
      "make": "Mitsubishi",
      "model": "Pajero",
      "category": "Convertible",
      "color": "Black",
      "navigation": false,
      "fuelEconomyCity": 7.1,
      "fuelEconomyHighway": "10.7",
      "price": 27500,
      "horsepower": 228,
      "drivetrain": "Front",
      "powertrain": "Hybrid",
      "registrationDate": "2022-09-14"
    },
    {
      "VIN": "KMHFC4DD5BA974023",
      "year": 2023,
      "make": "Chevrolet",
      "model": "Malibu",
      "category": "Convertible",
      "color": "Green",
      "navigation": false,
      "fuelEconomyCity": 8.1,
      "fuelEconomyHighway": "10.5",
      "price": 24100,
      "horsepower": 205,
      "drivetrain": "Front",
      "powertrain": "Hybrid",
      "registrationDate": "2021-10-29"
    },
    {
      "VIN": "WA1YD64B74N448826",
      "year": 2022,
      "make": "Infiniti",
      "model": "G",
      "category": "SUV",
      "color": "Silver",
      "navigation": false,
      "fuelEconomyCity": 7.4,
      "fuelEconomyHighway": "11.1",
      "price": 44500,
      "horsepower": 227,
      "drivetrain": "AWD",
      "powertrain": "Other",
      "registrationDate": "2021-11-29"
    },
    {
      "VIN": "3D7TP2CT2AG996379",
      "year": 2012,
      "make": "Acura",
      "model": "Vigor",
      "category": "SUV",
      "color": "Blue",
      "navigation": false,
      "fuelEconomyCity": 9.1,
      "fuelEconomyHighway": "12.7",
      "price": 27200,
      "horsepower": 224,
      "drivetrain": "Rear",
      "powertrain": "Gasoline",
      "registrationDate": "2021-05-23"
    },
    {
      "VIN": "WP0CA2A89FK569968",
      "year": 2016,
      "make": "Volkswagen",
      "model": "Type 2",
      "category": "SUV",
      "color": "Gray",
      "navigation": true,
      "fuelEconomyCity": 8.7,
      "fuelEconomyHighway": "12.2",
      "price": 47000,
      "horsepower": 181,
      "drivetrain": "AWD",
      "powertrain": "Gasoline",
      "registrationDate": "2023-08-15"
    },
    {
      "VIN": "4T1BF1FK8EU196089",
      "year": 2020,
      "make": "Mercedes-Benz",
      "model": "500E",
      "category": "SUV",
      "color": "Blue",
      "navigation": false,
      "fuelEconomyCity": 8.2,
      "fuelEconomyHighway": "12.3",
      "price": 37400,
      "horsepower": 248,
      "drivetrain": "Rear",
      "powertrain": "EV",
      "registrationDate": "2020-04-14"
    },
    {
      "VIN": "WAULT64B74N002093",
      "year": 2023,
      "make": "Infiniti",
      "model": "EX",
      "category": "SUV",
      "color": "Beige",
      "navigation": false,
      "fuelEconomyCity": 7.7,
      "fuelEconomyHighway": "10.8",
      "price": 45000,
      "horsepower": 243,
      "drivetrain": "AWD",
      "powertrain": "Other",
      "registrationDate": "2020-05-29"
    },
    {
      "VIN": "WAUWFAFR5AA813041",
      "year": 2013,
      "make": "Land Rover",
      "model": "Defender 90",
      "category": "SUV",
      "color": "Black",
      "navigation": false,
      "fuelEconomyCity": 5,
      "fuelEconomyHighway": "6.5",
      "price": 22100,
      "horsepower": 216,
      "drivetrain": "Front",
      "powertrain": "Hybrid",
      "registrationDate": "2021-07-26"
    },
    {
      "VIN": "SCFEBBBK0EG031338",
      "year": 2017,
      "make": "GMC",
      "model": "1500 Club Coupe",
      "category": "Sedan",
      "color": "Black",
      "navigation": false,
      "fuelEconomyCity": 9.5,
      "fuelEconomyHighway": "14.3",
      "price": 38400,
      "horsepower": 155,
      "drivetrain": "AWD",
      "powertrain": "Other",
      "registrationDate": "2020-03-26"
    },
    {
      "VIN": "3N1BC1CP4CK136369",
      "year": 2011,
      "make": "Chevrolet",
      "model": "Camaro",
      "category": "Convertible",
      "color": "Green",
      "navigation": true,
      "fuelEconomyCity": 8.3,
      "fuelEconomyHighway": "11.6",
      "price": 35000,
      "horsepower": 178,
      "drivetrain": "AWD",
      "powertrain": "Diesel",
      "registrationDate": "2021-02-10"
    },
    {
      "VIN": "JN1BV7AP5FM055210",
      "year": 2012,
      "make": "Lincoln",
      "model": "Navigator L",
      "category": "Convertible",
      "color": "Black",
      "navigation": false,
      "fuelEconomyCity": 6.9,
      "fuelEconomyHighway": "10.3",
      "price": 48600,
      "horsepower": 200,
      "drivetrain": "Rear",
      "powertrain": "Hybrid",
      "registrationDate": "2022-04-25"
    },
    {
      "VIN": "SALSF2D44CA145257",
      "year": 2022,
      "make": "Volkswagen",
      "model": "Golf",
      "category": "Sedan",
      "color": "Red",
      "navigation": true,
      "fuelEconomyCity": 7.9,
      "fuelEconomyHighway": "11.1",
      "price": 21500,
      "horsepower": 241,
      "drivetrain": "AWD",
      "powertrain": "Diesel",
      "registrationDate": "2022-01-11"
    },
    {
      "VIN": "JM1DE1HY5B0105946",
      "year": 2019,
      "make": "Mitsubishi",
      "model": "Tredia",
      "category": "SUV",
      "color": "Red",
      "navigation": false,
      "fuelEconomyCity": 8.6,
      "fuelEconomyHighway": "12.0",
      "price": 24700,
      "horsepower": 210,
      "drivetrain": "AWD",
      "powertrain": "Hybrid",
      "registrationDate": "2020-12-04"
    },
    {
      "VIN": "WDDEJ8GB2AA574822",
      "year": 2019,
      "make": "GMC",
      "model": "Savana 2500",
      "category": "Sedan",
      "color": "Blue",
      "navigation": false,
      "fuelEconomyCity": 7.7,
      "fuelEconomyHighway": "10.8",
      "price": 47600,
      "horsepower": 142,
      "drivetrain": "Rear",
      "powertrain": "Other",
      "registrationDate": "2022-10-09"
    },
    {
      "VIN": "3VW517AT5FM801708",
      "year": 2020,
      "make": "Honda",
      "model": "Fit",
      "category": "Sedan",
      "color": "Beige",
      "navigation": true,
      "fuelEconomyCity": 4.5,
      "fuelEconomyHighway": "5.8",
      "price": 32500,
      "horsepower": 214,
      "drivetrain": "Front",
      "powertrain": "Hybrid",
      "registrationDate": "2021-03-08"
    },
    {
      "VIN": "5J6TF1H53EL136172",
      "year": 2011,
      "make": "BMW",
      "model": "X6",
      "category": "Sedan",
      "color": "Silver",
      "navigation": false,
      "fuelEconomyCity": 4.5,
      "fuelEconomyHighway": "6.3",
      "price": 23500,
      "horsepower": 207,
      "drivetrain": "AWD",
      "powertrain": "Hybrid",
      "registrationDate": "2023-07-13"
    },
    {
      "VIN": "1G6DC8EY8B0817583",
      "year": 2015,
      "make": "Chevrolet",
      "model": "Suburban 2500",
      "category": "Convertible",
      "color": "Blue",
      "navigation": false,
      "fuelEconomyCity": 6.9,
      "fuelEconomyHighway": "9.0",
      "price": 21900,
      "horsepower": 236,
      "drivetrain": "Rear",
      "powertrain": "Other",
      "registrationDate": "2021-12-26"
    },
    {
      "VIN": "SAJWA4DB5EL582582",
      "year": 2011,
      "make": "Mazda",
      "model": "Mazda3",
      "category": "SUV",
      "color": "Blue",
      "navigation": true,
      "fuelEconomyCity": 5.5,
      "fuelEconomyHighway": "8.3",
      "price": 40400,
      "horsepower": 190,
      "drivetrain": "AWD",
      "powertrain": "Diesel",
      "registrationDate": "2022-10-09"
    },
    {
      "VIN": "2G61R5S33F9661554",
      "year": 2014,
      "make": "GMC",
      "model": "Suburban 2500",
      "category": "Convertible",
      "color": "Red",
      "navigation": true,
      "fuelEconomyCity": 8.5,
      "fuelEconomyHighway": "11.1",
      "price": 26200,
      "horsepower": 229,
      "drivetrain": "Rear",
      "powertrain": "EV",
      "registrationDate": "2022-04-15"
    },
    {
      "VIN": "WBAPH7C51AE213743",
      "year": 2013,
      "make": "BMW",
      "model": "Z4 M",
      "category": "Convertible",
      "color": "Black",
      "navigation": true,
      "fuelEconomyCity": 5.1,
      "fuelEconomyHighway": "7.1",
      "price": 25200,
      "horsepower": 137,
      "drivetrain": "AWD",
      "powertrain": "Hybrid",
      "registrationDate": "2023-06-24"
    },
    {
      "VIN": "WAUVFAFH8AN401966",
      "year": 2016,
      "make": "Toyota",
      "model": "Xtra",
      "category": "Sedan",
      "color": "Black",
      "navigation": false,
      "fuelEconomyCity": 7.6,
      "fuelEconomyHighway": "9.9",
      "price": 33300,
      "horsepower": 152,
      "drivetrain": "Front",
      "powertrain": "Diesel",
      "registrationDate": "2022-03-01"
    },
    {
      "VIN": "WBASN0C54DD746755",
      "year": 2016,
      "make": "Toyota",
      "model": "Tacoma",
      "category": "Convertible",
      "color": "Gray",
      "navigation": true,
      "fuelEconomyCity": 4.9,
      "fuelEconomyHighway": "6.9",
      "price": 30100,
      "horsepower": 227,
      "drivetrain": "Rear",
      "powertrain": "Gasoline",
      "registrationDate": "2021-01-27"
    },
    {
      "VIN": "WAUJC68E85A556764",
      "year": 2019,
      "make": "Lincoln",
      "model": "Town Car",
      "category": "Sedan",
      "color": "Blue",
      "navigation": false,
      "fuelEconomyCity": 6.4,
      "fuelEconomyHighway": "9.6",
      "price": 25200,
      "horsepower": 248,
      "drivetrain": "AWD",
      "powertrain": "Gasoline",
      "registrationDate": "2022-09-22"
    },
    {
      "VIN": "1N6AA0CH9DN114782",
      "year": 2020,
      "make": "Dodge",
      "model": "Ram 2500",
      "category": "Sedan",
      "color": "Red",
      "navigation": true,
      "fuelEconomyCity": 8.5,
      "fuelEconomyHighway": "11.1",
      "price": 27700,
      "horsepower": 207,
      "drivetrain": "Front",
      "powertrain": "EV",
      "registrationDate": "2022-09-25"
    },
    {
      "VIN": "1G4HF57959U099807",
      "year": 2011,
      "make": "Nissan",
      "model": "Pathfinder",
      "category": "Convertible",
      "color": "Black",
      "navigation": false,
      "fuelEconomyCity": 4,
      "fuelEconomyHighway": "6.0",
      "price": 21800,
      "horsepower": 196,
      "drivetrain": "AWD",
      "powertrain": "Diesel",
      "registrationDate": "2020-09-07"
    },
    {
      "VIN": "WA1LGAFEXFD345985",
      "year": 2019,
      "make": "Infiniti",
      "model": "Q",
      "category": "SUV",
      "color": "Silver",
      "navigation": true,
      "fuelEconomyCity": 6.8,
      "fuelEconomyHighway": "10.2",
      "price": 27100,
      "horsepower": 181,
      "drivetrain": "Front",
      "powertrain": "EV",
      "registrationDate": "2021-08-23"
    },
    {
      "VIN": "1G6DP577670074808",
      "year": 2015,
      "make": "BMW",
      "model": "M5",
      "category": "Convertible",
      "color": "Silver",
      "navigation": false,
      "fuelEconomyCity": 8.8,
      "fuelEconomyHighway": "13.2",
      "price": 23700,
      "horsepower": 194,
      "drivetrain": "Front",
      "powertrain": "Diesel",
      "registrationDate": "2020-07-18"
    },
    {
      "VIN": "WBAEK13456C797743",
      "year": 2012,
      "make": "Hyundai",
      "model": "Azera",
      "category": "SUV",
      "color": "Blue",
      "navigation": false,
      "fuelEconomyCity": 7.4,
      "fuelEconomyHighway": "10.4",
      "price": 33000,
      "horsepower": 225,
      "drivetrain": "AWD",
      "powertrain": "Gasoline",
      "registrationDate": "2023-01-19"
    },
    {
      "VIN": "KNAFK4A68E5851758",
      "year": 2013,
      "make": "Dodge",
      "model": "Avenger",
      "category": "Convertible",
      "color": "Silver",
      "navigation": true,
      "fuelEconomyCity": 9.9,
      "fuelEconomyHighway": "14.8",
      "price": 29600,
      "horsepower": 230,
      "drivetrain": "Rear",
      "powertrain": "EV",
      "registrationDate": "2021-01-15"
    },
    {
      "VIN": "5UXKU2C53F0890484",
      "year": 2011,
      "make": "Audi",
      "model": "riolet",
      "category": "SUV",
      "color": "White",
      "navigation": false,
      "fuelEconomyCity": 6.4,
      "fuelEconomyHighway": "9.0",
      "price": 34300,
      "horsepower": 149,
      "drivetrain": "Rear",
      "powertrain": "Hybrid",
      "registrationDate": "2021-06-01"
    },
    {
      "VIN": "WA1CGAFP3FA804759",
      "year": 2022,
      "make": "Subaru",
      "model": "Leone",
      "category": "SUV",
      "color": "Blue",
      "navigation": false,
      "fuelEconomyCity": 7,
      "fuelEconomyHighway": "9.8",
      "price": 23000,
      "horsepower": 159,
      "drivetrain": "Front",
      "powertrain": "Hybrid",
      "registrationDate": "2022-11-28"
    },
    {
      "VIN": "1GYS4GEF8DR255218",
      "year": 2015,
      "make": "Chrysler",
      "model": "Sebring",
      "category": "SUV",
      "color": "White",
      "navigation": true,
      "fuelEconomyCity": 4.5,
      "fuelEconomyHighway": "6.8",
      "price": 31400,
      "horsepower": 212,
      "drivetrain": "Front",
      "powertrain": "Diesel",
      "registrationDate": "2023-07-02"
    },
    {
      "VIN": "KNADH4A34A6849196",
      "year": 2020,
      "make": "Kia",
      "model": "Sportage",
      "category": "Convertible",
      "color": "Red",
      "navigation": false,
      "fuelEconomyCity": 5.2,
      "fuelEconomyHighway": "6.8",
      "price": 26600,
      "horsepower": 251,
      "drivetrain": "AWD",
      "powertrain": "EV",
      "registrationDate": "2023-02-07"
    },
    {
      "VIN": "1FTMF1EW7AK115183",
      "year": 2023,
      "make": "Subaru",
      "model": "Outback",
      "category": "Convertible",
      "color": "Black",
      "navigation": false,
      "fuelEconomyCity": 4,
      "fuelEconomyHighway": "6.0",
      "price": 38200,
      "horsepower": 127,
      "drivetrain": "AWD",
      "powertrain": "EV",
      "registrationDate": "2023-05-08"
    },
    {
      "VIN": "1G6DL5EGXA0757925",
      "year": 2016,
      "make": "Infiniti",
      "model": "G",
      "category": "Sedan",
      "color": "Blue",
      "navigation": false,
      "fuelEconomyCity": 8.8,
      "fuelEconomyHighway": "13.2",
      "price": 33900,
      "horsepower": 128,
      "drivetrain": "AWD",
      "powertrain": "Hybrid",
      "registrationDate": "2022-10-26"
    },
    {
      "VIN": "WA1CFAFP2DA497424",
      "year": 2022,
      "make": "Audi",
      "model": "S4",
      "category": "SUV",
      "color": "White",
      "navigation": false,
      "fuelEconomyCity": 7.2,
      "fuelEconomyHighway": "9.4",
      "price": 38500,
      "horsepower": 213,
      "drivetrain": "Rear",
      "powertrain": "Other",
      "registrationDate": "2022-10-14"
    },
    {
      "VIN": "WBA3B9C57FJ611842",
      "year": 2016,
      "make": "Lexus",
      "model": "GS",
      "category": "Convertible",
      "color": "White",
      "navigation": true,
      "fuelEconomyCity": 7.8,
      "fuelEconomyHighway": "10.1",
      "price": 29000,
      "horsepower": 236,
      "drivetrain": "Front",
      "powertrain": "Other",
      "registrationDate": "2021-12-21"
    },
    {
      "VIN": "5N1AN0NU2FN159191",
      "year": 2021,
      "make": "GMC",
      "model": "Sierra",
      "category": "Convertible",
      "color": "Red",
      "navigation": false,
      "fuelEconomyCity": 4.2,
      "fuelEconomyHighway": "6.3",
      "price": 38800,
      "horsepower": 153,
      "drivetrain": "AWD",
      "powertrain": "Diesel",
      "registrationDate": "2020-02-14"
    },
    {
      "VIN": "JH4KB2F67CC684380",
      "year": 2023,
      "make": "GMC",
      "model": "Envoy XL",
      "category": "Convertible",
      "color": "Beige",
      "navigation": true,
      "fuelEconomyCity": 8.1,
      "fuelEconomyHighway": "11.3",
      "price": 20100,
      "horsepower": 127,
      "drivetrain": "Front",
      "powertrain": "EV",
      "registrationDate": "2021-05-24"
    },
    {
      "VIN": "JM1GJ1U59F1228931",
      "year": 2021,
      "make": "Lexus",
      "model": "SC",
      "category": "Sedan",
      "color": "Black",
      "navigation": false,
      "fuelEconomyCity": 9.7,
      "fuelEconomyHighway": "14.6",
      "price": 48400,
      "horsepower": 221,
      "drivetrain": "AWD",
      "powertrain": "Other",
      "registrationDate": "2020-08-04"
    },
    {
      "VIN": "WBSBR93414P724934",
      "year": 2022,
      "make": "Nissan",
      "model": "Quest",
      "category": "Sedan",
      "color": "Green",
      "navigation": true,
      "fuelEconomyCity": 7.1,
      "fuelEconomyHighway": "9.9",
      "price": 36900,
      "horsepower": 193,
      "drivetrain": "Rear",
      "powertrain": "Other",
      "registrationDate": "2023-05-22"
    },
    {
      "VIN": "WBAGN83433D246449",
      "year": 2023,
      "make": "GMC",
      "model": "Yukon Denali",
      "category": "Convertible",
      "color": "Black",
      "navigation": false,
      "fuelEconomyCity": 8.8,
      "fuelEconomyHighway": "12.3",
      "price": 23300,
      "horsepower": 226,
      "drivetrain": "Rear",
      "powertrain": "Other",
      "registrationDate": "2021-10-15"
    },
    {
      "VIN": "1FTEW1CF3FF346993",
      "year": 2018,
      "make": "Mitsubishi",
      "model": "Diamante",
      "category": "Sedan",
      "color": "Red",
      "navigation": false,
      "fuelEconomyCity": 6.5,
      "fuelEconomyHighway": "8.4",
      "price": 29400,
      "horsepower": 139,
      "drivetrain": "Front",
      "powertrain": "EV",
      "registrationDate": "2021-10-10"
    },
    {
      "VIN": "WAUAH98E48A273298",
      "year": 2011,
      "make": "Chevrolet",
      "model": "Suburban",
      "category": "Convertible",
      "color": "Red",
      "navigation": true,
      "fuelEconomyCity": 7,
      "fuelEconomyHighway": "9.8",
      "price": 47300,
      "horsepower": 238,
      "drivetrain": "Rear",
      "powertrain": "Gasoline",
      "registrationDate": "2020-08-04"
    },
    {
      "VIN": "1D4PU6GX7AW543761",
      "year": 2012,
      "make": "GMC",
      "model": "1500 Club Coupe",
      "category": "SUV",
      "color": "White",
      "navigation": false,
      "fuelEconomyCity": 7.7,
      "fuelEconomyHighway": "10.8",
      "price": 42400,
      "horsepower": 128,
      "drivetrain": "Front",
      "powertrain": "EV",
      "registrationDate": "2020-07-29"
    },
    {
      "VIN": "5TDBK3EH9DS255266",
      "year": 2017,
      "make": "Lincoln",
      "model": "MKZ",
      "category": "Sedan",
      "color": "Blue",
      "navigation": true,
      "fuelEconomyCity": 5.5,
      "fuelEconomyHighway": "7.7",
      "price": 45600,
      "horsepower": 236,
      "drivetrain": "Rear",
      "powertrain": "Other",
      "registrationDate": "2022-06-17"
    },
    {
      "VIN": "WAUHF78P79A340844",
      "year": 2011,
      "make": "Volkswagen",
      "model": "GTI",
      "category": "Convertible",
      "color": "Beige",
      "navigation": true,
      "fuelEconomyCity": 4.1,
      "fuelEconomyHighway": "5.7",
      "price": 20300,
      "horsepower": 203,
      "drivetrain": "Front",
      "powertrain": "Other",
      "registrationDate": "2020-01-22"
    },
    {
      "VIN": "2HNYB1H21AH338135",
      "year": 2018,
      "make": "Mercedes-Benz",
      "model": "500SL",
      "category": "Convertible",
      "color": "Red",
      "navigation": false,
      "fuelEconomyCity": 8.7,
      "fuelEconomyHighway": "11.3",
      "price": 30100,
      "horsepower": 169,
      "drivetrain": "AWD",
      "powertrain": "EV",
      "registrationDate": "2022-06-27"
    },
    {
      "VIN": "5UXZV8C54CL322141",
      "year": 2023,
      "make": "Hyundai",
      "model": "Veloster",
      "category": "Convertible",
      "color": "Beige",
      "navigation": true,
      "fuelEconomyCity": 7.3,
      "fuelEconomyHighway": "10.9",
      "price": 23000,
      "horsepower": 185,
      "drivetrain": "Front",
      "powertrain": "Other",
      "registrationDate": "2023-02-28"
    },
    {
      "VIN": "WAUDF98E38A466576",
      "year": 2021,
      "make": "Dodge",
      "model": "Ram 3500",
      "category": "Sedan",
      "color": "Red",
      "navigation": false,
      "fuelEconomyCity": 6.6,
      "fuelEconomyHighway": "8.6",
      "price": 22000,
      "horsepower": 236,
      "drivetrain": "Rear",
      "powertrain": "Hybrid",
      "registrationDate": "2021-09-09"
    },
    {
      "VIN": "JN1AZ4FH2FM016493",
      "year": 2023,
      "make": "Mitsubishi",
      "model": "Galant",
      "category": "SUV",
      "color": "Green",
      "navigation": false,
      "fuelEconomyCity": 7.4,
      "fuelEconomyHighway": "11.1",
      "price": 40800,
      "horsepower": 149,
      "drivetrain": "AWD",
      "powertrain": "Gasoline",
      "registrationDate": "2023-08-24"
    },
    {
      "VIN": "JTMHY7AJ9D4459084",
      "year": 2021,
      "make": "Nissan",
      "model": "Pathfinder",
      "category": "Sedan",
      "color": "White",
      "navigation": false,
      "fuelEconomyCity": 9.7,
      "fuelEconomyHighway": "14.6",
      "price": 24900,
      "horsepower": 168,
      "drivetrain": "Front",
      "powertrain": "Gasoline",
      "registrationDate": "2020-09-13"
    },
    {
      "VIN": "WBAPK5G5XBN692584",
      "year": 2012,
      "make": "Mercedes-Benz",
      "model": "M-Class",
      "category": "Convertible",
      "color": "Red",
      "navigation": false,
      "fuelEconomyCity": 9.9,
      "fuelEconomyHighway": "14.8",
      "price": 42900,
      "horsepower": 210,
      "drivetrain": "Rear",
      "powertrain": "Diesel",
      "registrationDate": "2022-02-23"
    },
    {
      "VIN": "2C3CCABGXFH694435",
      "year": 2017,
      "make": "Audi",
      "model": "RS4",
      "category": "Convertible",
      "color": "Red",
      "navigation": false,
      "fuelEconomyCity": 7.6,
      "fuelEconomyHighway": "11.4",
      "price": 45700,
      "horsepower": 209,
      "drivetrain": "AWD",
      "powertrain": "Gasoline",
      "registrationDate": "2022-08-04"
    },
    {
      "VIN": "1FTMF1CW0AK479741",
      "year": 2015,
      "make": "GMC",
      "model": "Envoy XL",
      "category": "Convertible",
      "color": "Gray",
      "navigation": false,
      "fuelEconomyCity": 9.1,
      "fuelEconomyHighway": "12.7",
      "price": 21800,
      "horsepower": 253,
      "drivetrain": "Rear",
      "powertrain": "Diesel",
      "registrationDate": "2023-05-21"
    },
    {
      "VIN": "JA32X8HW7AU783709",
      "year": 2011,
      "make": "Kia",
      "model": "Rio",
      "category": "Sedan",
      "color": "Gray",
      "navigation": false,
      "fuelEconomyCity": 8.2,
      "fuelEconomyHighway": "10.7",
      "price": 45000,
      "horsepower": 132,
      "drivetrain": "Front",
      "powertrain": "Diesel",
      "registrationDate": "2020-03-17"
    },
    {
      "VIN": "1G4HP57M89U319622",
      "year": 2014,
      "make": "Mazda",
      "model": "B-Series Plus",
      "category": "Sedan",
      "color": "Silver",
      "navigation": true,
      "fuelEconomyCity": 7.8,
      "fuelEconomyHighway": "10.1",
      "price": 23200,
      "horsepower": 153,
      "drivetrain": "AWD",
      "powertrain": "Other",
      "registrationDate": "2022-01-24"
    },
    {
      "VIN": "2C3CDZFJ5FH903520",
      "year": 2018,
      "make": "Volkswagen",
      "model": "Cabriolet",
      "category": "Sedan",
      "color": "Black",
      "navigation": false,
      "fuelEconomyCity": 7.1,
      "fuelEconomyHighway": "9.9",
      "price": 41500,
      "horsepower": 243,
      "drivetrain": "Front",
      "powertrain": "Diesel",
      "registrationDate": "2020-07-24"
    },
    {
      "VIN": "1FTWF3A5XAE735333",
      "year": 2014,
      "make": "GMC",
      "model": "Rally Wagon 3500",
      "category": "Convertible",
      "color": "Gray",
      "navigation": false,
      "fuelEconomyCity": 5.1,
      "fuelEconomyHighway": "7.1",
      "price": 19700,
      "horsepower": 178,
      "drivetrain": "Front",
      "powertrain": "Hybrid",
      "registrationDate": "2020-11-13"
    },
    {
      "VIN": "WAUAF78E46A474576",
      "year": 2021,
      "make": "Mercedes-Benz",
      "model": "CLS-Class",
      "category": "SUV",
      "color": "Silver",
      "navigation": false,
      "fuelEconomyCity": 6.1,
      "fuelEconomyHighway": "7.9",
      "price": 26100,
      "horsepower": 219,
      "drivetrain": "Rear",
      "powertrain": "Gasoline",
      "registrationDate": "2021-10-07"
    },
    {
      "VIN": "1N6AA0CC1BN456664",
      "year": 2023,
      "make": "Buick",
      "model": "Electra",
      "category": "SUV",
      "color": "Green",
      "navigation": true,
      "fuelEconomyCity": 6.9,
      "fuelEconomyHighway": "9.7",
      "price": 21500,
      "horsepower": 218,
      "drivetrain": "Front",
      "powertrain": "EV",
      "registrationDate": "2021-09-19"
    },
    {
      "VIN": "WAUPEAFM4DA469654",
      "year": 2013,
      "make": "Honda",
      "model": "Pilot",
      "category": "Sedan",
      "color": "Blue",
      "navigation": true,
      "fuelEconomyCity": 4,
      "fuelEconomyHighway": "6.0",
      "price": 42800,
      "horsepower": 197,
      "drivetrain": "Rear",
      "powertrain": "EV",
      "registrationDate": "2020-09-24"
    },
    {
      "VIN": "2C3CCAJG6EH562093",
      "year": 2019,
      "make": "Mazda",
      "model": "Mazdaspeed 3",
      "category": "Convertible",
      "color": "White",
      "navigation": false,
      "fuelEconomyCity": 9.3,
      "fuelEconomyHighway": "12.1",
      "price": 43200,
      "horsepower": 174,
      "drivetrain": "AWD",
      "powertrain": "Gasoline",
      "registrationDate": "2022-02-27"
    },
    {
      "VIN": "JN8AZ2KRXBT394338",
      "year": 2015,
      "make": "Buick",
      "model": "Rainier",
      "category": "Convertible",
      "color": "Gray",
      "navigation": false,
      "fuelEconomyCity": 8.6,
      "fuelEconomyHighway": "11.2",
      "price": 45200,
      "horsepower": 147,
      "drivetrain": "AWD",
      "powertrain": "Gasoline",
      "registrationDate": "2020-06-06"
    },
    {
      "VIN": "WAUDH98E38A783798",
      "year": 2017,
      "make": "Mitsubishi",
      "model": "Chariot",
      "category": "Convertible",
      "color": "Black",
      "navigation": false,
      "fuelEconomyCity": 5.3,
      "fuelEconomyHighway": "6.9",
      "price": 39300,
      "horsepower": 225,
      "drivetrain": "Front",
      "powertrain": "Gasoline",
      "registrationDate": "2022-10-04"
    },
    {
      "VIN": "1G6DH5EG7A0048015",
      "year": 2014,
      "make": "BMW",
      "model": "745",
      "category": "Sedan",
      "color": "Red",
      "navigation": false,
      "fuelEconomyCity": 9.6,
      "fuelEconomyHighway": "12.5",
      "price": 19300,
      "horsepower": 225,
      "drivetrain": "AWD",
      "powertrain": "Diesel",
      "registrationDate": "2021-11-17"
    },
    {
      "VIN": "2G61W5S8XF9422216",
      "year": 2021,
      "make": "Cadillac",
      "model": "DeVille",
      "category": "Convertible",
      "color": "Red",
      "navigation": false,
      "fuelEconomyCity": 9.1,
      "fuelEconomyHighway": "12.7",
      "price": 32700,
      "horsepower": 146,
      "drivetrain": "Front",
      "powertrain": "Gasoline",
      "registrationDate": "2023-07-25"
    },
    {
      "VIN": "19UUA8F33EA839660",
      "year": 2011,
      "make": "GMC",
      "model": "3500",
      "category": "SUV",
      "color": "Black",
      "navigation": false,
      "fuelEconomyCity": 6,
      "fuelEconomyHighway": "8.4",
      "price": 19100,
      "horsepower": 139,
      "drivetrain": "Rear",
      "powertrain": "Other",
      "registrationDate": "2020-12-10"
    },
    {
      "VIN": "2T1KE4EE3BC292029",
      "year": 2017,
      "make": "Toyota",
      "model": "Yaris",
      "category": "Convertible",
      "color": "Gray",
      "navigation": false,
      "fuelEconomyCity": 8.3,
      "fuelEconomyHighway": "11.6",
      "price": 44300,
      "horsepower": 161,
      "drivetrain": "AWD",
      "powertrain": "Gasoline",
      "registrationDate": "2023-02-15"
    },
    {
      "VIN": "SCBBP93W59C791083",
      "year": 2021,
      "make": "Toyota",
      "model": "Tacoma",
      "category": "Convertible",
      "color": "Green",
      "navigation": false,
      "fuelEconomyCity": 4.8,
      "fuelEconomyHighway": "6.7",
      "price": 46300,
      "horsepower": 156,
      "drivetrain": "Front",
      "powertrain": "Other",
      "registrationDate": "2022-01-23"
    },
    {
      "VIN": "3CZRE3H3XAG658876",
      "year": 2012,
      "make": "Toyota",
      "model": "Prius",
      "category": "Sedan",
      "color": "White",
      "navigation": true,
      "fuelEconomyCity": 6.9,
      "fuelEconomyHighway": "9.7",
      "price": 38000,
      "horsepower": 227,
      "drivetrain": "Rear",
      "powertrain": "Diesel",
      "registrationDate": "2022-12-28"
    },
    {
      "VIN": "WDCYC3HF2AX909770",
      "year": 2014,
      "make": "Dodge",
      "model": "Challenger",
      "category": "SUV",
      "color": "Black",
      "navigation": true,
      "fuelEconomyCity": 4,
      "fuelEconomyHighway": "5.2",
      "price": 30900,
      "horsepower": 152,
      "drivetrain": "Rear",
      "powertrain": "Other",
      "registrationDate": "2022-06-25"
    },
    {
      "VIN": "JTHFF2C28E2224967",
      "year": 2023,
      "make": "Acura",
      "model": "TL",
      "category": "Sedan",
      "color": "Silver",
      "navigation": true,
      "fuelEconomyCity": 8,
      "fuelEconomyHighway": "12.0",
      "price": 21500,
      "horsepower": 152,
      "drivetrain": "Front",
      "powertrain": "Other",
      "registrationDate": "2023-07-06"
    },
    {
      "VIN": "JM1CW2BL6C0535157",
      "year": 2012,
      "make": "BMW",
      "model": "3 Series",
      "category": "SUV",
      "color": "Green",
      "navigation": true,
      "fuelEconomyCity": 5.3,
      "fuelEconomyHighway": "7.4",
      "price": 29500,
      "horsepower": 252,
      "drivetrain": "AWD",
      "powertrain": "EV",
      "registrationDate": "2021-11-10"
    },
    {
      "VIN": "3VW517AT3EM029224",
      "year": 2021,
      "make": "Dodge",
      "model": "Ram",
      "category": "SUV",
      "color": "Beige",
      "navigation": true,
      "fuelEconomyCity": 9.3,
      "fuelEconomyHighway": "13.9",
      "price": 25800,
      "horsepower": 203,
      "drivetrain": "Front",
      "powertrain": "EV",
      "registrationDate": "2020-04-01"
    },
    {
      "VIN": "1FMEU6DE5AU653090",
      "year": 2018,
      "make": "Volkswagen",
      "model": "Passat",
      "category": "SUV",
      "color": "White",
      "navigation": true,
      "fuelEconomyCity": 9.8,
      "fuelEconomyHighway": "12.7",
      "price": 30800,
      "horsepower": 184,
      "drivetrain": "Front",
      "powertrain": "Diesel",
      "registrationDate": "2020-05-24"
    },
    {
      "VIN": "WAUDF98E28A979706",
      "year": 2019,
      "make": "Mitsubishi",
      "model": "Mirage",
      "category": "SUV",
      "color": "Green",
      "navigation": true,
      "fuelEconomyCity": 8.4,
      "fuelEconomyHighway": "10.9",
      "price": 27600,
      "horsepower": 208,
      "drivetrain": "AWD",
      "powertrain": "Gasoline",
      "registrationDate": "2021-01-26"
    },
    {
      "VIN": "1G6DC8EY6B0988669",
      "year": 2021,
      "make": "Volvo",
      "model": "S60",
      "category": "SUV",
      "color": "Gray",
      "navigation": true,
      "fuelEconomyCity": 5.9,
      "fuelEconomyHighway": "7.7",
      "price": 32500,
      "horsepower": 207,
      "drivetrain": "Front",
      "powertrain": "Gasoline",
      "registrationDate": "2023-01-15"
    },
    {
      "VIN": "1G6DF5EY8B0342328",
      "year": 2019,
      "make": "Chevrolet",
      "model": "Colorado",
      "category": "Convertible",
      "color": "Beige",
      "navigation": false,
      "fuelEconomyCity": 9.6,
      "fuelEconomyHighway": "14.4",
      "price": 24500,
      "horsepower": 164,
      "drivetrain": "Rear",
      "powertrain": "EV",
      "registrationDate": "2022-03-06"
    },
    {
      "VIN": "3C4PDCGB3FT142155",
      "year": 2013,
      "make": "Volvo",
      "model": "XC90",
      "category": "Convertible",
      "color": "Green",
      "navigation": false,
      "fuelEconomyCity": 9.4,
      "fuelEconomyHighway": "13.2",
      "price": 35900,
      "horsepower": 242,
      "drivetrain": "AWD",
      "powertrain": "Gasoline",
      "registrationDate": "2023-07-13"
    },
    {
      "VIN": "WAUVC58E53A504193",
      "year": 2014,
      "make": "Mazda",
      "model": "Navajo",
      "category": "Convertible",
      "color": "Gray",
      "navigation": true,
      "fuelEconomyCity": 7.6,
      "fuelEconomyHighway": "11.4",
      "price": 32000,
      "horsepower": 177,
      "drivetrain": "Rear",
      "powertrain": "Hybrid",
      "registrationDate": "2022-12-13"
    },
    {
      "VIN": "JN1CV6EK2BM696452",
      "year": 2020,
      "make": "Volkswagen",
      "model": "Corrado",
      "category": "Convertible",
      "color": "Green",
      "navigation": false,
      "fuelEconomyCity": 7.5,
      "fuelEconomyHighway": "11.3",
      "price": 35400,
      "horsepower": 174,
      "drivetrain": "Rear",
      "powertrain": "EV",
      "registrationDate": "2022-11-10"
    },
    {
      "VIN": "WAUKH78E97A445638",
      "year": 2017,
      "make": "Audi",
      "model": "A6",
      "category": "Convertible",
      "color": "Silver",
      "navigation": true,
      "fuelEconomyCity": 5.6,
      "fuelEconomyHighway": "8.4",
      "price": 28000,
      "horsepower": 196,
      "drivetrain": "Front",
      "powertrain": "Other",
      "registrationDate": "2023-02-13"
    },
    {
      "VIN": "SCBLF44J07C744540",
      "year": 2022,
      "make": "GMC",
      "model": "Acadia",
      "category": "Convertible",
      "color": "Black",
      "navigation": true,
      "fuelEconomyCity": 9,
      "fuelEconomyHighway": "11.7",
      "price": 36100,
      "horsepower": 216,
      "drivetrain": "AWD",
      "powertrain": "Other",
      "registrationDate": "2022-05-28"
    },
    {
      "VIN": "KMHHU6KJ7FU806768",
      "year": 2013,
      "make": "Subaru",
      "model": "Outback",
      "category": "Convertible",
      "color": "Gray",
      "navigation": false,
      "fuelEconomyCity": 5.7,
      "fuelEconomyHighway": "8.0",
      "price": 27300,
      "horsepower": 215,
      "drivetrain": "Rear",
      "powertrain": "Diesel",
      "registrationDate": "2021-09-27"
    },
    {
      "VIN": "WBAAX13433P730644",
      "year": 2016,
      "make": "Chrysler",
      "model": "Town & Country",
      "category": "Sedan",
      "color": "Red",
      "navigation": false,
      "fuelEconomyCity": 7.4,
      "fuelEconomyHighway": "9.6",
      "price": 35800,
      "horsepower": 159,
      "drivetrain": "Front",
      "powertrain": "Other",
      "registrationDate": "2022-03-20"
    },
    {
      "VIN": "JTHBB1BA1A2258417",
      "year": 2019,
      "make": "Lexus",
      "model": "ES",
      "category": "Convertible",
      "color": "Green",
      "navigation": true,
      "fuelEconomyCity": 7.9,
      "fuelEconomyHighway": "11.1",
      "price": 41000,
      "horsepower": 126,
      "drivetrain": "Front",
      "powertrain": "Hybrid",
      "registrationDate": "2023-01-18"
    },
    {
      "VIN": "WBS3C9C59FP527270",
      "year": 2011,
      "make": "GMC",
      "model": "Yukon XL 2500",
      "category": "Convertible",
      "color": "Green",
      "navigation": true,
      "fuelEconomyCity": 9.8,
      "fuelEconomyHighway": "12.7",
      "price": 23600,
      "horsepower": 159,
      "drivetrain": "Front",
      "powertrain": "EV",
      "registrationDate": "2023-06-23"
    },
    {
      "VIN": "SCFEBBAC2AG292250",
      "year": 2022,
      "make": "Chevrolet",
      "model": "G-Series 1500",
      "category": "SUV",
      "color": "Blue",
      "navigation": false,
      "fuelEconomyCity": 5.9,
      "fuelEconomyHighway": "8.3",
      "price": 43500,
      "horsepower": 199,
      "drivetrain": "Front",
      "powertrain": "Hybrid",
      "registrationDate": "2023-03-16"
    },
    {
      "VIN": "YV1612FH7E2869104",
      "year": 2022,
      "make": "Chrysler",
      "model": "Voyager",
      "category": "Convertible",
      "color": "Green",
      "navigation": true,
      "fuelEconomyCity": 7.1,
      "fuelEconomyHighway": "9.9",
      "price": 44500,
      "horsepower": 156,
      "drivetrain": "Rear",
      "powertrain": "EV",
      "registrationDate": "2020-09-22"
    },
    {
      "VIN": "19UUA66266A101283",
      "year": 2014,
      "make": "Subaru",
      "model": "Impreza",
      "category": "Convertible",
      "color": "White",
      "navigation": false,
      "fuelEconomyCity": 7.3,
      "fuelEconomyHighway": "10.9",
      "price": 38700,
      "horsepower": 214,
      "drivetrain": "Rear",
      "powertrain": "Gasoline",
      "registrationDate": "2021-08-06"
    },
    {
      "VIN": "SALSF2D44BA871828",
      "year": 2023,
      "make": "Toyota",
      "model": "Sienna",
      "category": "Sedan",
      "color": "Silver",
      "navigation": true,
      "fuelEconomyCity": 7.9,
      "fuelEconomyHighway": "11.1",
      "price": 19600,
      "horsepower": 249,
      "drivetrain": "AWD",
      "powertrain": "EV",
      "registrationDate": "2021-04-15"
    },
    {
      "VIN": "WAUKFAFLXDN911702",
      "year": 2017,
      "make": "Kia",
      "model": "Amanti",
      "category": "SUV",
      "color": "White",
      "navigation": true,
      "fuelEconomyCity": 7.8,
      "fuelEconomyHighway": "10.9",
      "price": 35700,
      "horsepower": 192,
      "drivetrain": "Rear",
      "powertrain": "Hybrid",
      "registrationDate": "2023-04-05"
    },
    {
      "VIN": "19UUA86239A700691",
      "year": 2017,
      "make": "Honda",
      "model": "S2000",
      "category": "Sedan",
      "color": "Blue",
      "navigation": false,
      "fuelEconomyCity": 9.8,
      "fuelEconomyHighway": "13.7",
      "price": 45300,
      "horsepower": 214,
      "drivetrain": "Front",
      "powertrain": "Other",
      "registrationDate": "2021-07-05"
    },
    {
      "VIN": "1FTSX2B55AE674347",
      "year": 2015,
      "make": "Mitsubishi",
      "model": "Chariot",
      "category": "Sedan",
      "color": "Red",
      "navigation": true,
      "fuelEconomyCity": 4.9,
      "fuelEconomyHighway": "7.3",
      "price": 38800,
      "horsepower": 207,
      "drivetrain": "Rear",
      "powertrain": "Other",
      "registrationDate": "2020-01-03"
    },
    {
      "VIN": "JH4CL95985C289018",
      "year": 2016,
      "make": "Subaru",
      "model": "Impreza",
      "category": "Sedan",
      "color": "Green",
      "navigation": false,
      "fuelEconomyCity": 7,
      "fuelEconomyHighway": "9.1",
      "price": 45500,
      "horsepower": 144,
      "drivetrain": "AWD",
      "powertrain": "Other",
      "registrationDate": "2020-02-08"
    },
    {
      "VIN": "1C3CDZAB8CN553318",
      "year": 2011,
      "make": "Buick",
      "model": "Skylark",
      "category": "Sedan",
      "color": "White",
      "navigation": true,
      "fuelEconomyCity": 5,
      "fuelEconomyHighway": "7.5",
      "price": 30400,
      "horsepower": 163,
      "drivetrain": "Rear",
      "powertrain": "EV",
      "registrationDate": "2022-04-25"
    },
    {
      "VIN": "1G6AB5R32D0069094",
      "year": 2022,
      "make": "Mazda",
      "model": "929",
      "category": "SUV",
      "color": "Green",
      "navigation": true,
      "fuelEconomyCity": 4.5,
      "fuelEconomyHighway": "6.8",
      "price": 32000,
      "horsepower": 243,
      "drivetrain": "Rear",
      "powertrain": "Hybrid",
      "registrationDate": "2023-01-03"
    },
    {
      "VIN": "3C63DPJLXCG127610",
      "year": 2022,
      "make": "Mercedes-Benz",
      "model": "SL-Class",
      "category": "Convertible",
      "color": "Green",
      "navigation": false,
      "fuelEconomyCity": 7.5,
      "fuelEconomyHighway": "10.5",
      "price": 28400,
      "horsepower": 180,
      "drivetrain": "Front",
      "powertrain": "Gasoline",
      "registrationDate": "2023-04-20"
    },
    {
      "VIN": "WAUMFAFL8DN476851",
      "year": 2021,
      "make": "Mitsubishi",
      "model": "Lancer Evolution",
      "category": "Convertible",
      "color": "White",
      "navigation": false,
      "fuelEconomyCity": 7.9,
      "fuelEconomyHighway": "11.1",
      "price": 35300,
      "horsepower": 217,
      "drivetrain": "AWD",
      "powertrain": "Other",
      "registrationDate": "2020-05-13"
    },
    {
      "VIN": "1FTMF1EW5AF747088",
      "year": 2014,
      "make": "Buick",
      "model": "Riviera",
      "category": "SUV",
      "color": "Gray",
      "navigation": false,
      "fuelEconomyCity": 8.4,
      "fuelEconomyHighway": "10.9",
      "price": 20800,
      "horsepower": 173,
      "drivetrain": "Front",
      "powertrain": "Other",
      "registrationDate": "2021-03-07"
    },
    {
      "VIN": "3D73Y4CL3AG991314",
      "year": 2021,
      "make": "Infiniti",
      "model": "G",
      "category": "SUV",
      "color": "Beige",
      "navigation": true,
      "fuelEconomyCity": 9.3,
      "fuelEconomyHighway": "12.1",
      "price": 22900,
      "horsepower": 186,
      "drivetrain": "AWD",
      "powertrain": "Diesel",
      "registrationDate": "2022-08-26"
    },
    {
      "VIN": "KNADM5A33E6637073",
      "year": 2019,
      "make": "Mercedes-Benz",
      "model": "C-Class",
      "category": "SUV",
      "color": "Black",
      "navigation": false,
      "fuelEconomyCity": 6.8,
      "fuelEconomyHighway": "9.5",
      "price": 36800,
      "horsepower": 221,
      "drivetrain": "Rear",
      "powertrain": "Diesel",
      "registrationDate": "2023-05-18"
    },
    {
      "VIN": "WBACK73451L339414",
      "year": 2021,
      "make": "Dodge",
      "model": "Ram 1500",
      "category": "Convertible",
      "color": "White",
      "navigation": false,
      "fuelEconomyCity": 9.2,
      "fuelEconomyHighway": "12.0",
      "price": 23400,
      "horsepower": 178,
      "drivetrain": "AWD",
      "powertrain": "Other",
      "registrationDate": "2021-09-21"
    },
    {
      "VIN": "WA1LYAFE5AD395473",
      "year": 2019,
      "make": "GMC",
      "model": "Acadia",
      "category": "Sedan",
      "color": "Silver",
      "navigation": false,
      "fuelEconomyCity": 6.5,
      "fuelEconomyHighway": "8.4",
      "price": 41200,
      "horsepower": 198,
      "drivetrain": "Rear",
      "powertrain": "Gasoline",
      "registrationDate": "2021-03-31"
    },
    {
      "VIN": "1C3CC5FB2AN753788",
      "year": 2020,
      "make": "Porsche",
      "model": "944",
      "category": "Convertible",
      "color": "White",
      "navigation": true,
      "fuelEconomyCity": 5.4,
      "fuelEconomyHighway": "8.1",
      "price": 20200,
      "horsepower": 239,
      "drivetrain": "AWD",
      "powertrain": "Diesel",
      "registrationDate": "2023-07-12"
    },
    {
      "VIN": "WA1CMAFE9CD005280",
      "year": 2013,
      "make": "Lexus",
      "model": "RX Hybrid",
      "category": "Sedan",
      "color": "Green",
      "navigation": true,
      "fuelEconomyCity": 4.4,
      "fuelEconomyHighway": "6.2",
      "price": 42300,
      "horsepower": 179,
      "drivetrain": "AWD",
      "powertrain": "Diesel",
      "registrationDate": "2020-04-23"
    },
    {
      "VIN": "5NPDH4AE4DH995077",
      "year": 2015,
      "make": "Chrysler",
      "model": "Town & Country",
      "category": "Sedan",
      "color": "Black",
      "navigation": true,
      "fuelEconomyCity": 4.5,
      "fuelEconomyHighway": "6.3",
      "price": 28500,
      "horsepower": 230,
      "drivetrain": "Rear",
      "powertrain": "EV",
      "registrationDate": "2022-10-06"
    },
    {
      "VIN": "1N6AA0CCXCN550950",
      "year": 2022,
      "make": "Subaru",
      "model": "Outback",
      "category": "Convertible",
      "color": "White",
      "navigation": false,
      "fuelEconomyCity": 5.5,
      "fuelEconomyHighway": "7.2",
      "price": 22700,
      "horsepower": 253,
      "drivetrain": "Front",
      "powertrain": "Other",
      "registrationDate": "2022-03-23"
    },
    {
      "VIN": "KNAFK4A62E5357721",
      "year": 2020,
      "make": "Volkswagen",
      "model": "Routan",
      "category": "Convertible",
      "color": "Gray",
      "navigation": false,
      "fuelEconomyCity": 9.5,
      "fuelEconomyHighway": "13.3",
      "price": 44800,
      "horsepower": 232,
      "drivetrain": "Front",
      "powertrain": "Other",
      "registrationDate": "2021-05-18"
    },
    {
      "VIN": "JA32U1FU9CU082979",
      "year": 2020,
      "make": "Mercedes-Benz",
      "model": "CL-Class",
      "category": "Sedan",
      "color": "White",
      "navigation": false,
      "fuelEconomyCity": 9.1,
      "fuelEconomyHighway": "13.7",
      "price": 39300,
      "horsepower": 127,
      "drivetrain": "Front",
      "powertrain": "Other",
      "registrationDate": "2021-07-23"
    },
    {
      "VIN": "WBAPN7C5XBA430385",
      "year": 2016,
      "make": "Mazda",
      "model": "MX-5",
      "category": "Convertible",
      "color": "Beige",
      "navigation": true,
      "fuelEconomyCity": 6,
      "fuelEconomyHighway": "8.4",
      "price": 19000,
      "horsepower": 176,
      "drivetrain": "Front",
      "powertrain": "EV",
      "registrationDate": "2022-02-27"
    },
    {
      "VIN": "1G6AA5RX3F0124001",
      "year": 2011,
      "make": "Mazda",
      "model": "MPV",
      "category": "Sedan",
      "color": "Black",
      "navigation": true,
      "fuelEconomyCity": 8.5,
      "fuelEconomyHighway": "11.9",
      "price": 48400,
      "horsepower": 221,
      "drivetrain": "Rear",
      "powertrain": "Hybrid",
      "registrationDate": "2020-06-03"
    },
    {
      "VIN": "2G61P5S34E9785126",
      "year": 2019,
      "make": "Volvo",
      "model": "C30",
      "category": "SUV",
      "color": "Blue",
      "navigation": false,
      "fuelEconomyCity": 9.5,
      "fuelEconomyHighway": "12.3",
      "price": 36000,
      "horsepower": 162,
      "drivetrain": "AWD",
      "powertrain": "EV",
      "registrationDate": "2020-05-11"
    },
    {
      "VIN": "2C3CDXBG7DH757388",
      "year": 2015,
      "make": "Mazda",
      "model": "Protege",
      "category": "Sedan",
      "color": "Blue",
      "navigation": true,
      "fuelEconomyCity": 7.1,
      "fuelEconomyHighway": "10.7",
      "price": 27800,
      "horsepower": 150,
      "drivetrain": "AWD",
      "powertrain": "EV",
      "registrationDate": "2022-05-15"
    },
    {
      "VIN": "WBA3N3C50FF773559",
      "year": 2014,
      "make": "Acura",
      "model": "Legend",
      "category": "Sedan",
      "color": "Gray",
      "navigation": true,
      "fuelEconomyCity": 9.7,
      "fuelEconomyHighway": "14.6",
      "price": 36000,
      "horsepower": 206,
      "drivetrain": "Rear",
      "powertrain": "Hybrid",
      "registrationDate": "2021-10-28"
    },
    {
      "VIN": "WAUDV74F09N618426",
      "year": 2018,
      "make": "Jeep",
      "model": "Grand Cherokee",
      "category": "Sedan",
      "color": "Red",
      "navigation": true,
      "fuelEconomyCity": 9.3,
      "fuelEconomyHighway": "13.0",
      "price": 40000,
      "horsepower": 181,
      "drivetrain": "AWD",
      "powertrain": "Diesel",
      "registrationDate": "2022-09-25"
    },
    {
      "VIN": "1G4GA5ER3CF301052",
      "year": 2018,
      "make": "Toyota",
      "model": "RAV4",
      "category": "Convertible",
      "color": "White",
      "navigation": false,
      "fuelEconomyCity": 6,
      "fuelEconomyHighway": "9.0",
      "price": 24500,
      "horsepower": 131,
      "drivetrain": "Rear",
      "powertrain": "Diesel",
      "registrationDate": "2020-01-11"
    },
    {
      "VIN": "WBASN2C56BC790223",
      "year": 2014,
      "make": "Jeep",
      "model": "Grand Cherokee",
      "category": "Convertible",
      "color": "White",
      "navigation": false,
      "fuelEconomyCity": 9.4,
      "fuelEconomyHighway": "12.2",
      "price": 47600,
      "horsepower": 168,
      "drivetrain": "Rear",
      "powertrain": "EV",
      "registrationDate": "2023-04-08"
    },
    {
      "VIN": "JH4CU2E87DC291241",
      "year": 2016,
      "make": "Honda",
      "model": "Ridgeline",
      "category": "Convertible",
      "color": "White",
      "navigation": false,
      "fuelEconomyCity": 8.4,
      "fuelEconomyHighway": "11.8",
      "price": 32300,
      "horsepower": 229,
      "drivetrain": "Front",
      "powertrain": "Diesel",
      "registrationDate": "2021-09-16"
    },
    {
      "VIN": "W04GV5EV9B1904647",
      "year": 2015,
      "make": "GMC",
      "model": "Canyon",
      "category": "SUV",
      "color": "White",
      "navigation": false,
      "fuelEconomyCity": 5.3,
      "fuelEconomyHighway": "6.9",
      "price": 38300,
      "horsepower": 200,
      "drivetrain": "Front",
      "powertrain": "Other",
      "registrationDate": "2020-02-13"
    },
    {
      "VIN": "5J8TB2H22CA371444",
      "year": 2021,
      "make": "Audi",
      "model": "S4",
      "category": "Convertible",
      "color": "Green",
      "navigation": true,
      "fuelEconomyCity": 4.1,
      "fuelEconomyHighway": "6.1",
      "price": 20100,
      "horsepower": 157,
      "drivetrain": "AWD",
      "powertrain": "Diesel",
      "registrationDate": "2022-04-20"
    },
    {
      "VIN": "2LMHJ5AT5CB369879",
      "year": 2023,
      "make": "Volkswagen",
      "model": "GTI",
      "category": "Convertible",
      "color": "Red",
      "navigation": false,
      "fuelEconomyCity": 4.8,
      "fuelEconomyHighway": "6.2",
      "price": 40000,
      "horsepower": 137,
      "drivetrain": "AWD",
      "powertrain": "Hybrid",
      "registrationDate": "2021-01-01"
    },
    {
      "VIN": "5NPEB4AC0DH550078",
      "year": 2016,
      "make": "Hyundai",
      "model": "Azera",
      "category": "SUV",
      "color": "Blue",
      "navigation": true,
      "fuelEconomyCity": 4.6,
      "fuelEconomyHighway": "6.9",
      "price": 48700,
      "horsepower": 230,
      "drivetrain": "AWD",
      "powertrain": "Gasoline",
      "registrationDate": "2021-09-15"
    },
    {
      "VIN": "5UXWX7C59BL253095",
      "year": 2011,
      "make": "Volvo",
      "model": "C70",
      "category": "Convertible",
      "color": "Black",
      "navigation": true,
      "fuelEconomyCity": 9,
      "fuelEconomyHighway": "11.7",
      "price": 33300,
      "horsepower": 240,
      "drivetrain": "Rear",
      "powertrain": "Gasoline",
      "registrationDate": "2023-07-27"
    },
    {
      "VIN": "WAUPN94E28N302783",
      "year": 2015,
      "make": "Mercury",
      "model": "Capri",
      "category": "Sedan",
      "color": "Green",
      "navigation": true,
      "fuelEconomyCity": 8.8,
      "fuelEconomyHighway": "12.3",
      "price": 37500,
      "horsepower": 246,
      "drivetrain": "Front",
      "powertrain": "EV",
      "registrationDate": "2021-06-08"
    },
    {
      "VIN": "2HNYD187X3H950309",
      "year": 2015,
      "make": "Kia",
      "model": "Spectra5",
      "category": "Sedan",
      "color": "Beige",
      "navigation": false,
      "fuelEconomyCity": 9.6,
      "fuelEconomyHighway": "12.5",
      "price": 30600,
      "horsepower": 157,
      "drivetrain": "AWD",
      "powertrain": "Other",
      "registrationDate": "2020-03-21"
    },
    {
      "VIN": "5N1AA0NC9BN270205",
      "year": 2015,
      "make": "Mercedes-Benz",
      "model": "G-Class",
      "category": "Sedan",
      "color": "Silver",
      "navigation": true,
      "fuelEconomyCity": 4.8,
      "fuelEconomyHighway": "7.2",
      "price": 33500,
      "horsepower": 225,
      "drivetrain": "AWD",
      "powertrain": "Diesel",
      "registrationDate": "2020-04-16"
    },
    {
      "VIN": "KM8JT3AB8CU667971",
      "year": 2020,
      "make": "Hyundai",
      "model": "XG350",
      "category": "SUV",
      "color": "Gray",
      "navigation": true,
      "fuelEconomyCity": 5.5,
      "fuelEconomyHighway": "7.2",
      "price": 30900,
      "horsepower": 127,
      "drivetrain": "Front",
      "powertrain": "Hybrid",
      "registrationDate": "2020-03-02"
    },
    {
      "VIN": "JTHBE5C27A5165521",
      "year": 2022,
      "make": "Audi",
      "model": "A5",
      "category": "Sedan",
      "color": "Green",
      "navigation": false,
      "fuelEconomyCity": 4.7,
      "fuelEconomyHighway": "6.1",
      "price": 41700,
      "horsepower": 214,
      "drivetrain": "AWD",
      "powertrain": "Diesel",
      "registrationDate": "2021-01-03"
    },
    {
      "VIN": "JTEBU5JR4D5676611",
      "year": 2023,
      "make": "Volkswagen",
      "model": "Cabriolet",
      "category": "Sedan",
      "color": "Red",
      "navigation": true,
      "fuelEconomyCity": 6.9,
      "fuelEconomyHighway": "10.3",
      "price": 24300,
      "horsepower": 179,
      "drivetrain": "AWD",
      "powertrain": "EV",
      "registrationDate": "2022-08-15"
    },
    {
      "VIN": "WAUDF58E85A140714",
      "year": 2023,
      "make": "Porsche",
      "model": "911",
      "category": "Convertible",
      "color": "White",
      "navigation": false,
      "fuelEconomyCity": 8.6,
      "fuelEconomyHighway": "11.2",
      "price": 30600,
      "horsepower": 199,
      "drivetrain": "Front",
      "powertrain": "EV",
      "registrationDate": "2020-03-17"
    },
    {
      "VIN": "1N6AA0CA4AN954774",
      "year": 2016,
      "make": "Hyundai",
      "model": "Elantra",
      "category": "Sedan",
      "color": "Black",
      "navigation": false,
      "fuelEconomyCity": 5,
      "fuelEconomyHighway": "7.5",
      "price": 26300,
      "horsepower": 172,
      "drivetrain": "AWD",
      "powertrain": "Diesel",
      "registrationDate": "2021-09-16"
    },
    {
      "VIN": "2C3CDXDT4CH502366",
      "year": 2019,
      "make": "Volkswagen",
      "model": "Touareg",
      "category": "Sedan",
      "color": "White",
      "navigation": false,
      "fuelEconomyCity": 5,
      "fuelEconomyHighway": "6.5",
      "price": 25300,
      "horsepower": 213,
      "drivetrain": "Rear",
      "powertrain": "EV",
      "registrationDate": "2020-10-05"
    },
    {
      "VIN": "2FMDK3AK2CB326164",
      "year": 2023,
      "make": "Lexus",
      "model": "LS",
      "category": "Convertible",
      "color": "White",
      "navigation": true,
      "fuelEconomyCity": 5.9,
      "fuelEconomyHighway": "8.8",
      "price": 45500,
      "horsepower": 192,
      "drivetrain": "AWD",
      "powertrain": "Gasoline",
      "registrationDate": "2022-12-09"
    },
    {
      "VIN": "5TDDCRFH1FS138260",
      "year": 2018,
      "make": "Audi",
      "model": "Q7",
      "category": "SUV",
      "color": "Black",
      "navigation": true,
      "fuelEconomyCity": 8.8,
      "fuelEconomyHighway": "13.2",
      "price": 45500,
      "horsepower": 160,
      "drivetrain": "Front",
      "powertrain": "Other",
      "registrationDate": "2020-12-08"
    },
    {
      "VIN": "3C4PDDAG8FT997461",
      "year": 2019,
      "make": "Buick",
      "model": "Electra",
      "category": "Convertible",
      "color": "Blue",
      "navigation": true,
      "fuelEconomyCity": 9.4,
      "fuelEconomyHighway": "14.1",
      "price": 20000,
      "horsepower": 253,
      "drivetrain": "AWD",
      "powertrain": "Gasoline",
      "registrationDate": "2021-05-10"
    },
    {
      "VIN": "3VW4T7AT6EM329863",
      "year": 2011,
      "make": "Chevrolet",
      "model": "Tracker",
      "category": "Sedan",
      "color": "Silver",
      "navigation": true,
      "fuelEconomyCity": 9.7,
      "fuelEconomyHighway": "14.6",
      "price": 22700,
      "horsepower": 139,
      "drivetrain": "Rear",
      "powertrain": "EV",
      "registrationDate": "2023-07-11"
    },
    {
      "VIN": "2HNYD186X2H079384",
      "year": 2014,
      "make": "Lexus",
      "model": "LS",
      "category": "Sedan",
      "color": "Green",
      "navigation": false,
      "fuelEconomyCity": 4.6,
      "fuelEconomyHighway": "6.0",
      "price": 26700,
      "horsepower": 195,
      "drivetrain": "Rear",
      "powertrain": "Hybrid",
      "registrationDate": "2022-03-07"
    },
    {
      "VIN": "1FMCU9E70AK805376",
      "year": 2018,
      "make": "Mazda",
      "model": "MX-5",
      "category": "Sedan",
      "color": "Red",
      "navigation": true,
      "fuelEconomyCity": 7.1,
      "fuelEconomyHighway": "9.9",
      "price": 36700,
      "horsepower": 131,
      "drivetrain": "AWD",
      "powertrain": "Gasoline",
      "registrationDate": "2021-08-02"
    },
    {
      "VIN": "WAUFGBFBXAN467776",
      "year": 2023,
      "make": "Chevrolet",
      "model": "Classic",
      "category": "Sedan",
      "color": "Blue",
      "navigation": false,
      "fuelEconomyCity": 8.3,
      "fuelEconomyHighway": "11.6",
      "price": 31600,
      "horsepower": 251,
      "drivetrain": "AWD",
      "powertrain": "Gasoline",
      "registrationDate": "2022-03-06"
    },
    {
      "VIN": "3D73M3HL2AG106342",
      "year": 2014,
      "make": "Lotus",
      "model": "Elise",
      "category": "Convertible",
      "color": "Blue",
      "navigation": false,
      "fuelEconomyCity": 5.2,
      "fuelEconomyHighway": "7.8",
      "price": 47600,
      "horsepower": 155,
      "drivetrain": "Rear",
      "powertrain": "Other",
      "registrationDate": "2021-03-25"
    },
    {
      "VIN": "19VDE1F35DE351888",
      "year": 2011,
      "make": "Volkswagen",
      "model": "Jetta",
      "category": "SUV",
      "color": "White",
      "navigation": false,
      "fuelEconomyCity": 4.6,
      "fuelEconomyHighway": "6.4",
      "price": 48300,
      "horsepower": 172,
      "drivetrain": "AWD",
      "powertrain": "EV",
      "registrationDate": "2022-04-24"
    },
    {
      "VIN": "WBA3F9C56DF827766",
      "year": 2020,
      "make": "Jaguar",
      "model": "XJ",
      "category": "SUV",
      "color": "Black",
      "navigation": false,
      "fuelEconomyCity": 5.7,
      "fuelEconomyHighway": "8.6",
      "price": 18900,
      "horsepower": 137,
      "drivetrain": "Front",
      "powertrain": "Hybrid",
      "registrationDate": "2021-03-08"
    },
    {
      "VIN": "SCBFH7ZA0FC073502",
      "year": 2017,
      "make": "Mitsubishi",
      "model": "Galant",
      "category": "Sedan",
      "color": "White",
      "navigation": false,
      "fuelEconomyCity": 9.6,
      "fuelEconomyHighway": "13.4",
      "price": 41400,
      "horsepower": 195,
      "drivetrain": "Front",
      "powertrain": "Diesel",
      "registrationDate": "2023-03-25"
    },
    {
      "VIN": "SALWR2VF4FA603831",
      "year": 2014,
      "make": "Dodge",
      "model": "Ram 1500",
      "category": "Sedan",
      "color": "Gray",
      "navigation": true,
      "fuelEconomyCity": 7.9,
      "fuelEconomyHighway": "10.3",
      "price": 37400,
      "horsepower": 195,
      "drivetrain": "AWD",
      "powertrain": "EV",
      "registrationDate": "2022-02-25"
    },
    {
      "VIN": "1FTEX1C89AF477143",
      "year": 2017,
      "make": "Volkswagen",
      "model": "Golf III",
      "category": "SUV",
      "color": "Blue",
      "navigation": false,
      "fuelEconomyCity": 8.4,
      "fuelEconomyHighway": "12.6",
      "price": 33800,
      "horsepower": 187,
      "drivetrain": "Rear",
      "powertrain": "Diesel",
      "registrationDate": "2022-09-25"
    },
    {
      "VIN": "JN8AE2KP1C9964624",
      "year": 2019,
      "make": "Mercedes-Benz",
      "model": "CL-Class",
      "category": "SUV",
      "color": "Red",
      "navigation": false,
      "fuelEconomyCity": 6.9,
      "fuelEconomyHighway": "10.3",
      "price": 27900,
      "horsepower": 216,
      "drivetrain": "Rear",
      "powertrain": "EV",
      "registrationDate": "2022-12-13"
    },
    {
      "VIN": "WAUR2AFD4DN084766",
      "year": 2023,
      "make": "Mazda",
      "model": "Mazda6 Sport",
      "category": "Convertible",
      "color": "White",
      "navigation": true,
      "fuelEconomyCity": 6.3,
      "fuelEconomyHighway": "8.2",
      "price": 36400,
      "horsepower": 125,
      "drivetrain": "Rear",
      "powertrain": "EV",
      "registrationDate": "2020-09-02"
    },
    {
      "VIN": "WAUDG78E65A725624",
      "year": 2020,
      "make": "Buick",
      "model": "Skylark",
      "category": "SUV",
      "color": "Gray",
      "navigation": false,
      "fuelEconomyCity": 8.6,
      "fuelEconomyHighway": "11.2",
      "price": 29400,
      "horsepower": 150,
      "drivetrain": "Rear",
      "powertrain": "Gasoline",
      "registrationDate": "2021-08-16"
    },
    {
      "VIN": "TRUB3AFK5C1387499",
      "year": 2011,
      "make": "Mitsubishi",
      "model": "Lancer",
      "category": "Convertible",
      "color": "Green",
      "navigation": false,
      "fuelEconomyCity": 4.6,
      "fuelEconomyHighway": "6.0",
      "price": 20900,
      "horsepower": 154,
      "drivetrain": "AWD",
      "powertrain": "Gasoline",
      "registrationDate": "2022-03-11"
    },
    {
      "VIN": "WVGAV3AX0DW046820",
      "year": 2014,
      "make": "Buick",
      "model": "LeSabre",
      "category": "SUV",
      "color": "White",
      "navigation": false,
      "fuelEconomyCity": 8,
      "fuelEconomyHighway": "11.2",
      "price": 30500,
      "horsepower": 221,
      "drivetrain": "AWD",
      "powertrain": "Hybrid",
      "registrationDate": "2020-10-13"
    },
    {
      "VIN": "3VWF17AT5FM995709",
      "year": 2023,
      "make": "Honda",
      "model": "Pilot",
      "category": "Convertible",
      "color": "Red",
      "navigation": false,
      "fuelEconomyCity": 8.4,
      "fuelEconomyHighway": "10.9",
      "price": 32400,
      "horsepower": 230,
      "drivetrain": "Rear",
      "powertrain": "Gasoline",
      "registrationDate": "2021-10-25"
    },
    {
      "VIN": "5XYKT3A18CG877696",
      "year": 2020,
      "make": "Infiniti",
      "model": "G",
      "category": "Sedan",
      "color": "Blue",
      "navigation": false,
      "fuelEconomyCity": 9.5,
      "fuelEconomyHighway": "14.3",
      "price": 25500,
      "horsepower": 248,
      "drivetrain": "AWD",
      "powertrain": "Gasoline",
      "registrationDate": "2023-08-04"
    },
    {
      "VIN": "1FMHK7B89BG620292",
      "year": 2016,
      "make": "Chrysler",
      "model": "Town & Country",
      "category": "Convertible",
      "color": "Silver",
      "navigation": true,
      "fuelEconomyCity": 8.6,
      "fuelEconomyHighway": "11.2",
      "price": 35900,
      "horsepower": 249,
      "drivetrain": "Rear",
      "powertrain": "EV",
      "registrationDate": "2021-02-26"
    }
  ]